# {"t_start": 1586435896.82365, "env_id": "BreakoutNoFrameskip-v4"} 
r,l,t
0.0,129,2.268265
5.0,329,7.795156
4.0,300,12.033366
0.0,129,13.848567
2.0,198,16.332637
2.0,204,19.799518
2.0,198,22.334524
7.0,326,28.207565
2.0,224,31.27864
2.0,200,34.920867
0.0,127,36.963201
0.0,129,39.125358
5.0,347,44.418305
4.0,299,49.135253
3.0,272,54.51213
0.0,125,55.736541
