# {"t_start": 1586435896.8911107, "env_id": "BreakoutNoFrameskip-v4"} 
r,l,t
6.0,356,6.095877
1.0,175,8.35966
0.0,125,10.182181
0.0,129,12.088153
0.0,127,13.877786
3.0,272,17.913195
0.0,129,19.821113
0.0,127,21.647892
0.0,127,23.651088
0.0,125,25.687614
5.0,350,30.959236
0.0,129,33.049152
0.0,129,35.09346
0.0,127,37.15164
0.0,129,39.288183
0.0,127,41.393012
2.0,202,44.225789
2.0,202,47.895672
3.0,248,51.310885
