# {"t_start": 1586435896.9360926, "env_id": "BreakoutNoFrameskip-v4"} 
r,l,t
1.0,173,3.548499
0.0,125,5.373357
1.0,174,7.683215
0.0,129,9.542046
0.0,125,11.386708
3.0,272,15.349817
2.0,185,17.737032
2.0,198,20.240931
3.0,248,24.25046
0.0,127,26.309638
4.0,319,32.15465
8.0,374,37.639817
0.0,127,39.745446
3.0,248,43.969259
0.0,127,46.012597
1.0,175,48.585419
0.0,129,50.698405
0.0,127,52.771472
2.0,202,55.693689
