# {"t_start": 1586435897.0484862, "env_id": "BreakoutNoFrameskip-v4"} 
r,l,t
1.0,173,3.436152
1.0,171,5.697058
0.0,129,7.587819
4.0,299,11.809826
1.0,173,14.016848
2.0,207,17.483136
0.0,127,19.333501
0.0,127,21.21702
3.0,274,25.557142
0.0,127,27.643872
0.0,125,28.783133
0.0,127,30.84674
0.0,127,32.912323
2.0,201,36.537904
0.0,127,37.794478
2.0,223,41.7943
0.0,125,43.806181
0.0,129,45.862267
0.0,129,47.973549
2.0,200,50.823983
1.0,174,53.387717
0.0,125,55.491432
