# {"t_start": 1586435896.8636763, "env_id": "BreakoutNoFrameskip-v4"} 
r,l,t
2.0,185,3.739058
1.0,173,6.00475
2.0,202,9.371274
0.0,123,10.334999
0.0,125,12.192259
0.0,127,13.991611
1.0,175,16.258721
6.0,360,21.968122
4.0,299,26.700644
1.0,157,29.059727
0.0,127,31.118186
0.0,127,33.178865
0.0,127,35.200339
0.0,129,37.283607
2.0,200,40.180668
2.0,205,43.907726
1.0,174,46.453319
0.0,129,48.54318
3.0,248,52.775143
