# {"t_start": 1586435896.9621744, "env_id": "BreakoutNoFrameskip-v4"} 
r,l,t
4.0,279,5.297662
3.0,234,8.118287
0.0,129,9.986889
0.0,129,11.87293
2.0,222,15.406734
0.0,127,17.258712
1.0,157,19.388538
2.0,200,21.942659
3.0,274,26.390461
0.0,123,28.420509
1.0,155,30.753859
1.0,153,33.110863
13.0,459,41.32253
6.0,382,47.726722
5.0,328,52.868315
0.0,129,54.982655
0.0,129,57.086537
