# {"t_start": 1586435896.9339797, "env_id": "BreakoutNoFrameskip-v4"} 
r,l,t
0.0,127,2.129395
2.0,198,5.658038
2.0,204,8.170409
1.0,173,11.285295
3.0,246,14.170743
0.0,125,15.985789
1.0,174,18.2981
1.0,155,21.283134
5.0,278,25.672858
9.0,402,32.360041
4.0,282,36.853045
0.0,127,38.987266
0.0,125,41.076144
4.0,297,45.753728
0.0,125,47.774284
2.0,202,50.673708
2.0,198,53.502274
