# {"t_start": 1586435896.9329455, "env_id": "BreakoutNoFrameskip-v4"} 
r,l,t
0.0,125,2.104363
0.0,127,4.111362
2.0,202,7.513212
0.0,127,9.369646
0.0,129,10.379712
2.0,200,13.687415
5.0,350,19.270365
2.0,221,22.024868
0.0,129,24.051459
2.0,200,27.796843
1.0,155,30.101578
0.0,129,32.207833
1.0,177,34.723835
5.0,326,39.846684
0.0,129,41.964136
1.0,171,44.477047
7.0,432,52.340141
0.0,129,54.45446
0.0,127,55.71878
