# {"t_start": 1586435897.140947, "env_id": "BreakoutNoFrameskip-v4"} 
r,l,t
0.0,127,1.922511
0.0,127,3.927561
0.0,129,5.829015
6.0,399,11.806257
1.0,173,14.033319
1.0,175,17.183627
4.0,299,21.439568
2.0,202,24.227202
0.0,123,26.253878
3.0,250,30.438941
5.0,350,36.540843
0.0,127,38.687005
6.0,277,43.218907
4.0,279,47.716214
0.0,127,49.837772
3.0,248,53.162041
0.0,129,55.301713
