# {"t_start": 1586435896.9975371, "env_id": "BreakoutNoFrameskip-v4"} 
r,l,t
0.0,127,2.066311
2.0,185,5.474295
0.0,127,7.312422
0.0,127,8.318888
0.0,129,10.174883
4.0,321,15.455694
0.0,125,17.292572
0.0,127,19.142788
2.0,206,21.725862
4.0,263,26.041093
0.0,127,28.135386
4.0,297,32.83964
0.0,123,34.804539
0.0,129,36.871466
0.0,127,39.009172
0.0,127,41.103939
1.0,170,43.592668
3.0,230,46.706864
0.0,125,48.775033
2.0,202,52.519218
3.0,248,56.819798
